INSERT INTO `pages` (`uid`, `pid`, `tstamp`, `crdate`, `deleted`, `hidden`, `starttime`, `endtime`, `fe_group`, `sorting`, `rowDescription`, `editlock`, `sys_language_uid`, `l10n_parent`, `l10n_source`, `l10n_state`, `l10n_diffsource`, `t3ver_oid`, `t3ver_wsid`, `t3ver_state`, `t3ver_stage`, `perms_userid`, `perms_groupid`, `perms_user`, `perms_group`, `perms_everybody`, `SYS_LASTCHANGED`, `shortcut`, `content_from_pid`, `mount_pid`, `tx_impexp_origuid`, `sitemap_priority`, `doktype`, `title`, `slug`, `TSconfig`, `php_tree_stop`, `categories`, `layout`, `extendToSubpages`, `nav_title`, `nav_hide`, `subtitle`, `target`, `url`, `lastUpdated`, `newUntil`, `cache_timeout`, `cache_tags`, `no_search`, `shortcut_mode`, `keywords`, `description`, `abstract`, `author`, `author_email`, `media`, `is_siteroot`, `mount_pid_ol`, `module`, `l18n_cfg`, `backend_layout`, `backend_layout_next_level`, `tsconfig_includes`, `seo_title`, `no_index`, `no_follow`, `sitemap_changefreq`, `canonical_link`, `og_title`, `og_description`, `og_image`, `twitter_title`, `twitter_description`, `twitter_image`, `twitter_card`) VALUES
(1,	0,	1767348877,	1689851498,	0,	0,	0,	0,	'',	160,	NULL,	0,	0,	0,	0,	NULL,	'{\"TSconfig\":\"\",\"abstract\":\"\",\"author\":\"\",\"author_email\":\"\",\"backend_layout\":\"\",\"backend_layout_next_level\":\"\",\"cache_tags\":\"\",\"cache_timeout\":\"\",\"canonical_link\":\"\",\"categories\":\"\",\"content_from_pid\":\"\",\"description\":\"\",\"doktype\":\"\",\"editlock\":\"\",\"endtime\":\"\",\"extendToSubpages\":\"\",\"fe_group\":\"\",\"hidden\":\"\",\"is_siteroot\":\"\",\"keywords\":\"\",\"l18n_cfg\":\"\",\"lastUpdated\":\"\",\"layout\":\"\",\"media\":\"\",\"module\":\"\",\"nav_hide\":\"\",\"nav_title\":\"\",\"newUntil\":\"\",\"no_follow\":\"\",\"no_index\":\"\",\"no_search\":\"\",\"og_description\":\"\",\"og_image\":\"\",\"og_title\":\"\",\"php_tree_stop\":\"\",\"rowDescription\":\"\",\"seo_title\":\"\",\"sitemap_changefreq\":\"\",\"sitemap_priority\":\"\",\"slug\":\"\",\"starttime\":\"\",\"subtitle\":\"\",\"target\":\"\",\"title\":\"\",\"tsconfig_includes\":\"\",\"twitter_card\":\"\",\"twitter_description\":\"\",\"twitter_image\":\"\",\"twitter_title\":\"\",\"tx_mask_temptxt\":\"\"}',	0,	0,	0,	0,	1,	0,	31,	27,	0,	1767680421,	0,	0,	0,	0,	0.5,	1,	'Parent',	'/',	'',	0,	0,	0,	0,	'',	0,	'',	'',	'',	0,	0,	0,	'',	0,	0,	NULL,	NULL,	NULL,	'',	'',	0,	1,	0,	'',	0,	'pagets__2_columns',	'',	'',	'',	0,	0,	'',	'',	'',	NULL,	0,	'',	NULL,	0,	'summary'),
(2,	1,	1767274755,	1689917513,	0,	0,	0,	0,	'',	4,	NULL,	0,	0,	0,	0,	NULL,	'{\"backend_layout\":\"\"}',	0,	0,	0,	0,	1,	0,	31,	27,	0,	1699350935,	1,	0,	0,	0,	0.5,	3,	'Home',	'/hero',	NULL,	0,	0,	0,	0,	'',	0,	'',	'',	'/#hero',	0,	0,	0,	'',	0,	0,	NULL,	NULL,	NULL,	'',	'',	0,	0,	0,	'',	0,	'',	'',	NULL,	'',	0,	0,	'',	'',	'',	NULL,	0,	'',	NULL,	0,	'summary'),
(4,	1,	1767274755,	1689919088,	0,	0,	0,	0,	'',	6,	NULL,	0,	0,	0,	0,	NULL,	'{\"backend_layout\":\"\"}',	0,	0,	0,	0,	1,	0,	31,	27,	0,	1691220043,	0,	0,	1,	0,	0.5,	3,	'About',	'/about',	NULL,	0,	0,	0,	0,	'',	0,	'',	'',	'/#about',	0,	0,	0,	'',	0,	0,	NULL,	NULL,	NULL,	'',	'',	0,	0,	1,	'',	0,	'',	'',	NULL,	'',	0,	0,	'',	'',	'',	NULL,	0,	'',	NULL,	0,	'summary'),
(5,	1,	1767274755,	1689919208,	0,	0,	0,	0,	'',	262,	NULL,	0,	0,	0,	0,	NULL,	'{\"backend_layout\":\"\"}',	0,	0,	0,	0,	1,	0,	31,	27,	0,	1690012619,	0,	0,	0,	0,	0.5,	3,	'Timeline',	'/timeline',	NULL,	0,	0,	0,	0,	'',	0,	'',	'',	'/#timeline',	0,	0,	0,	'',	0,	0,	NULL,	NULL,	NULL,	'',	'',	0,	0,	0,	'',	0,	'',	'',	NULL,	'',	0,	0,	'',	'',	'',	NULL,	0,	'',	NULL,	0,	'summary'),
(6,	1,	1767274755,	1689920318,	0,	0,	0,	0,	'',	519,	NULL,	0,	0,	0,	0,	NULL,	'{\"backend_layout\":\"\"}',	0,	0,	0,	0,	1,	0,	31,	27,	0,	0,	0,	0,	1,	0,	0.5,	3,	'Reviews',	'/reviews',	NULL,	0,	0,	0,	0,	'',	0,	'',	'',	'/#reviews',	0,	0,	0,	'',	0,	0,	NULL,	NULL,	NULL,	'',	'',	0,	0,	1,	'',	0,	'',	'',	NULL,	'',	0,	0,	'',	'',	'',	NULL,	0,	'',	NULL,	0,	'summary'),
(7,	1,	1767274755,	1689920333,	0,	0,	0,	0,	'',	520,	NULL,	0,	0,	0,	0,	NULL,	'{\"backend_layout\":\"\"}',	0,	0,	0,	0,	1,	0,	31,	27,	0,	1699350777,	0,	0,	0,	0,	0.5,	3,	'Booking',	'/booking',	NULL,	0,	0,	0,	0,	'',	0,	'',	'',	'/#booking',	0,	0,	0,	'',	0,	0,	NULL,	NULL,	NULL,	'',	'',	0,	0,	0,	'',	0,	'',	'',	NULL,	'',	0,	0,	'',	'',	'',	NULL,	0,	'',	NULL,	0,	'summary'),
(8,	1,	1767277375,	1689923100,	0,	0,	0,	0,	'',	528,	NULL,	0,	0,	0,	0,	NULL,	'{\"layout\":\"\"}',	0,	0,	0,	0,	1,	0,	31,	27,	0,	1690530637,	0,	0,	0,	0,	0.5,	3,	'Contact',	'/contact',	NULL,	0,	0,	0,	0,	'',	0,	'',	'',	'/#contact',	0,	0,	0,	'',	0,	0,	NULL,	NULL,	NULL,	'',	'',	0,	0,	0,	'',	0,	'',	'',	NULL,	'',	0,	0,	'',	'',	'',	NULL,	0,	'',	NULL,	0,	'summary');

INSERT INTO `sys_file` (`uid`, `pid`, `tstamp`, `last_indexed`, `identifier`, `identifier_hash`, `folder_hash`, `extension`, `name`, `sha1`, `creation_date`, `modification_date`, `size`, `storage`, `type`, `mime_type`, `missing`, `metadata`) VALUES
(5,	0,	1690007440,	0,	'/typo3conf/ext/mask/Resources/Public/Icons/Extension.svg',	'857a9f6a260d54c788401bc0e7d65aecce1a335b',	'2876cf204caa6654736d53a410b6bcf23ad17794',	'svg',	'Extension.svg',	'a247c773642ec1903e8cf7eb404741bdfff03e56',	1690007437,	1690007437,	1294,	0,	2,	'image/svg+xml',	0,	0),
(6,	0,	1690007440,	0,	'/typo3conf/ext/mask/Resources/Public/Images/legacy-icon.gif',	'888cfacbfd3dc904996311359a273fe4064d9fea',	'150956d7ec32e8e20d0ec30ce3676a4eb464ffb8',	'gif',	'legacy-icon.gif',	'921d78071223f0a62a53abf559e1810654083295',	1690007437,	1690007437,	366,	0,	2,	'image/gif',	0,	0),
(7,	0,	1690007440,	0,	'/typo3conf/ext/mask/Resources/Public/Images/Logo_TVconverter.png',	'29ccf17beb214a178e3c37f6b47cb6403ac20385',	'150956d7ec32e8e20d0ec30ce3676a4eb464ffb8',	'png',	'Logo_TVconverter.png',	'dfeb3eea11a491fc84b468c8a5198914bd8fb08d',	1690007437,	1690007437,	5657,	0,	2,	'image/png',	0,	0),
(8,	0,	1690007440,	0,	'/typo3conf/ext/mask/Resources/Public/Icons/MaskUkraine.svg',	'5cb9faa14233796b19810085c0e84e65266a591d',	'2876cf204caa6654736d53a410b6bcf23ad17794',	'svg',	'MaskUkraine.svg',	'707debba0c50806983a78a1be9487dd6e9af5c77',	1690007437,	1690007437,	2031,	0,	2,	'image/svg+xml',	0,	0),
(9,	0,	1690178635,	0,	'/user_upload/doctor-s-hand-holding-stethoscope-closeup.jpg',	'f82a25f6185afc38d14e7280c510feaa15068f66',	'19669f1e02c2f16705ec7587044c66443be70725',	'jpg',	'doctor-s-hand-holding-stethoscope-closeup.jpg',	'f3c57745df4c6e633adc7dbc69973063dfdca7cf',	1690178634,	1690178634,	141435,	1,	2,	'image/jpeg',	0,	0),
(10,	0,	1690179019,	0,	'/user_upload/index.html',	'c25533f303185517ca3e1e24b215d53aa74076d2',	'19669f1e02c2f16705ec7587044c66443be70725',	'html',	'index.html',	'da39a3ee5e6b4b0d3255bfef95601890afd80709',	1689851223,	1689851223,	0,	1,	5,	'application/x-empty',	0,	0),
(11,	0,	1690179194,	0,	'/user_upload/young-asian-female-dentist-white-coat-posing-clinic-equipment.jpg',	'8f92e0ebc61936e2fa0d9812f2f02c84cd919c04',	'19669f1e02c2f16705ec7587044c66443be70725',	'jpg',	'young-asian-female-dentist-white-coat-posing-clinic-equipment.jpg',	'fc8b07adec7adb6c4df967b6be85cd4eb05b8a3e',	1690179194,	1690179194,	117000,	1,	2,	'image/jpeg',	0,	0),
(12,	0,	1690190904,	0,	'/user_upload/portrait-successful-mid-adult-doctor-with-crossed-arms.jpg',	'ed55729968025bfa0ac85efe99e1499ecddf5a6a',	'19669f1e02c2f16705ec7587044c66443be70725',	'jpg',	'portrait-successful-mid-adult-doctor-with-crossed-arms.jpg',	'03d80482647b316045c13c70153de72e016dfc14',	1690190904,	1690190904,	73903,	1,	2,	'image/jpeg',	0,	0),
(13,	0,	1690198383,	0,	'/user_upload/team1.jpg',	'8cb7d615c4678a95e01894f8a2e359e0161f9eaf',	'19669f1e02c2f16705ec7587044c66443be70725',	'jpg',	'team1.jpg',	'919f44de578769f0a1ff2f5f6e0a827b915498a3',	1690198383,	1690198383,	83224,	1,	2,	'image/jpeg',	0,	0),
(14,	0,	1690284850,	0,	'/user_upload/medium-shot-man-getting-vaccine.jpg',	'20dd55b9d138c11de24d8bcd889b2cafa02c6ca2',	'19669f1e02c2f16705ec7587044c66443be70725',	'jpg',	'medium-shot-man-getting-vaccine.jpg',	'c9d9fa2664ab5741fdde18c08768d12ca0220296',	1690284850,	1690284850,	108136,	1,	2,	'image/jpeg',	0,	0),
(15,	0,	1690284884,	0,	'/user_upload/female-doctor-with-presenting-hand-gesture.jpg',	'3a7ea86a46bffa3edc2aaa53437d100966e24675',	'19669f1e02c2f16705ec7587044c66443be70725',	'jpg',	'female-doctor-with-presenting-hand-gesture.jpg',	'eef5a1f7698a452ef0a8bd1e73bcf0acad10fbb4',	1690284884,	1690284884,	69313,	1,	2,	'image/jpeg',	0,	0),
(16,	0,	1690524903,	0,	'/user_upload/portrait-british-woman.jpeg',	'cd71b084e6e3c925128f73e9d87f5da473b03207',	'19669f1e02c2f16705ec7587044c66443be70725',	'jpeg',	'portrait-british-woman.jpeg',	'6221b03ff01b04bcbac4f651f28e775132185d61',	1690524903,	1690524903,	26628,	1,	2,	'image/jpeg',	0,	0),
(17,	0,	1690529372,	0,	'/user_upload/beautiful-woman-face-portrait-brown-background.jpeg',	'297b288e3a2a699dc32c211d7269303051cee072',	'19669f1e02c2f16705ec7587044c66443be70725',	'jpeg',	'beautiful-woman-face-portrait-brown-background.jpeg',	'89e005c775ac62abe81520d91d162dafc72e49b1',	1690529372,	1690529372,	22103,	1,	2,	'image/jpeg',	0,	0),
(18,	0,	1690529785,	0,	'/user_upload/senior-man-wearing-white-face-mask-covid-19-campaign-with-design-space.jpeg',	'1639c7205352c50461f82d4fb94aa708f9d2416c',	'19669f1e02c2f16705ec7587044c66443be70725',	'jpeg',	'senior-man-wearing-white-face-mask-covid-19-campaign-with-design-space.jpeg',	'3081dbd8f2e22375d6fa2db333e6980ca5e8f042',	1690529785,	1690529785,	24137,	1,	2,	'image/jpeg',	0,	0),
(19,	0,	1690529888,	0,	'/user_upload/woman-wearing-mask-face-closeup-covid-19-green-background.jpeg',	'54c82de98f146ddafb89c83d78d45767552e3672',	'19669f1e02c2f16705ec7587044c66443be70725',	'jpeg',	'woman-wearing-mask-face-closeup-covid-19-green-background.jpeg',	'a7eaf0e12d5d8a566dc801ff049a789b9d540f09',	1690529888,	1690529888,	26072,	1,	2,	'image/jpeg',	0,	0),
(21,	0,	1691220871,	0,	'/form_definitions/appointment.form.yaml',	'0d4dfb92eb0b192a7901b5e813c556763647e78e',	'c62e3e70a526a59f0f0b7687864947eab72d7d3f',	'yaml',	'appointment.form.yaml',	'4e6baacf27d1e0080ad4f2508ab9195bae7e7069',	1691220871,	1691220871,	4544,	1,	1,	'text/plain',	0,	0),
(22,	0,	1691221080,	0,	'/form_definitions/contact.form.yaml',	'19a089c220d515942cd17aa5731776a8ce4227cf',	'c62e3e70a526a59f0f0b7687864947eab72d7d3f',	'yaml',	'contact.form.yaml',	'11af4634dfb35898b85f0672118aa458b2d84b25',	1691221080,	1691221080,	1242,	1,	1,	'text/plain',	0,	0),
(23,	0,	1767012204,	1767012204,	'/at_medicare/beautiful-woman-face-portrait-brown-background.jpeg',	'24eabafe2248ae18c02cfd368159d35d319543ae',	'da5cb51b6eaa8b4118d90b4e2d7c536b9fc4d421',	'jpeg',	'beautiful-woman-face-portrait-brown-background.jpeg',	'89e005c775ac62abe81520d91d162dafc72e49b1',	1767009930,	1690529372,	22103,	1,	2,	'image/jpeg',	0,	0),
(24,	0,	1767012204,	1767012204,	'/at_medicare/doctor-s-hand-holding-stethoscope-closeup.jpg',	'5c6253778f2de9c5f1a14220bd521d578dd09169',	'da5cb51b6eaa8b4118d90b4e2d7c536b9fc4d421',	'jpg',	'doctor-s-hand-holding-stethoscope-closeup.jpg',	'f3c57745df4c6e633adc7dbc69973063dfdca7cf',	1767009930,	1690178634,	141435,	1,	2,	'image/jpeg',	0,	0),
(25,	0,	1767012204,	1767012204,	'/at_medicare/female-doctor-with-presenting-hand-gesture.jpg',	'0d0604167c83cd610ac23b3bb0d59f28d2fcabb7',	'da5cb51b6eaa8b4118d90b4e2d7c536b9fc4d421',	'jpg',	'female-doctor-with-presenting-hand-gesture.jpg',	'eef5a1f7698a452ef0a8bd1e73bcf0acad10fbb4',	1767009930,	1690284884,	69313,	1,	2,	'image/jpeg',	0,	0),
(26,	0,	1767012204,	1767012204,	'/at_medicare/index.html',	'9f93372e60187192ee5cfe42d438823af92bb1bd',	'da5cb51b6eaa8b4118d90b4e2d7c536b9fc4d421',	'html',	'index.html',	'da39a3ee5e6b4b0d3255bfef95601890afd80709',	1767009930,	1689851223,	0,	1,	5,	'application/x-empty',	0,	0),
(27,	0,	1767012204,	1767012204,	'/at_medicare/medium-shot-man-getting-vaccine.jpg',	'2dd1600e253865481d58645afe63e3c8fe4c2225',	'da5cb51b6eaa8b4118d90b4e2d7c536b9fc4d421',	'jpg',	'medium-shot-man-getting-vaccine.jpg',	'c9d9fa2664ab5741fdde18c08768d12ca0220296',	1767009930,	1690284850,	108136,	1,	2,	'image/jpeg',	0,	0),
(28,	0,	1767012204,	1767012204,	'/at_medicare/portrait-british-woman.jpeg',	'ca9dc211a89507c14ea647f46423159a61e37b23',	'da5cb51b6eaa8b4118d90b4e2d7c536b9fc4d421',	'jpeg',	'portrait-british-woman.jpeg',	'6221b03ff01b04bcbac4f651f28e775132185d61',	1767009930,	1690524903,	26628,	1,	2,	'image/jpeg',	0,	0),
(29,	0,	1767012204,	1767012204,	'/at_medicare/portrait-successful-mid-adult-doctor-with-crossed-arms.jpg',	'e3c75e6e7b3d38ee985b1cdbbe7c91c8ef7ffb48',	'da5cb51b6eaa8b4118d90b4e2d7c536b9fc4d421',	'jpg',	'portrait-successful-mid-adult-doctor-with-crossed-arms.jpg',	'03d80482647b316045c13c70153de72e016dfc14',	1767009930,	1690190904,	73903,	1,	2,	'image/jpeg',	0,	0),
(30,	0,	1767012204,	1767012204,	'/at_medicare/senior-man-wearing-white-face-mask-covid-19-campaign-with-design-space.jpeg',	'77142e71d7f2260238d6ad9645ca96d12a342edf',	'da5cb51b6eaa8b4118d90b4e2d7c536b9fc4d421',	'jpeg',	'senior-man-wearing-white-face-mask-covid-19-campaign-with-design-space.jpeg',	'3081dbd8f2e22375d6fa2db333e6980ca5e8f042',	1767009930,	1690529785,	24137,	1,	2,	'image/jpeg',	0,	0),
(31,	0,	1767012204,	1767012204,	'/at_medicare/team1.jpg',	'2db7093f896de18e4669aa674be0bd7b7367c221',	'da5cb51b6eaa8b4118d90b4e2d7c536b9fc4d421',	'jpg',	'team1.jpg',	'919f44de578769f0a1ff2f5f6e0a827b915498a3',	1767009930,	1690198383,	83224,	1,	2,	'image/jpeg',	0,	0),
(32,	0,	1767012204,	1767012204,	'/at_medicare/woman-wearing-mask-face-closeup-covid-19-green-background.jpeg',	'63c17e63e35092af9e702118d1549044cdf1219d',	'da5cb51b6eaa8b4118d90b4e2d7c536b9fc4d421',	'jpeg',	'woman-wearing-mask-face-closeup-covid-19-green-background.jpeg',	'a7eaf0e12d5d8a566dc801ff049a789b9d540f09',	1767009930,	1690529888,	26072,	1,	2,	'image/jpeg',	0,	0),
(33,	0,	1767012204,	1767012204,	'/at_medicare/young-asian-female-dentist-white-coat-posing-clinic-equipment.jpg',	'4909986281ec580e75a9f82a75c0dd0e297e5e6b',	'da5cb51b6eaa8b4118d90b4e2d7c536b9fc4d421',	'jpg',	'young-asian-female-dentist-white-coat-posing-clinic-equipment.jpg',	'fc8b07adec7adb6c4df967b6be85cd4eb05b8a3e',	1767009930,	1690179194,	117000,	1,	2,	'image/jpeg',	0,	0),
(34,	0,	1767102134,	1767102134,	'/at_medicare/book.svg',	'9c592b7752d2cbb5c13c08883a0bb0a714426359',	'da5cb51b6eaa8b4118d90b4e2d7c536b9fc4d421',	'svg',	'book.svg',	'f7a3c9b8e81050bdf80903dac97e86079e3c5a4b',	1767102127,	1767097683,	770,	1,	2,	'image/svg+xml',	0,	0),
(35,	0,	1767102134,	1767102134,	'/at_medicare/file-medical.svg',	'94c6aa11994ee696f728aa9719e466f5e4b20412',	'da5cb51b6eaa8b4118d90b4e2d7c536b9fc4d421',	'svg',	'file-medical.svg',	'3fc4da3c0dd61ad7693fb250354085c25ad759fa',	1767102127,	1767097737,	577,	1,	2,	'image/svg+xml',	0,	0),
(36,	0,	1767102134,	1767102134,	'/at_medicare/globe.svg',	'68b7849300cb5a46a0559685d2d545f283671cf8',	'da5cb51b6eaa8b4118d90b4e2d7c536b9fc4d421',	'svg',	'globe.svg',	'826333c552717c9c180df74de1478d6ad0adda2b',	1767102127,	1767097764,	1196,	1,	2,	'image/svg+xml',	0,	0),
(37,	0,	1767102134,	1767102134,	'/at_medicare/patch-check-fill.svg',	'3d19dd48ba33f0a315f047b57480caefa9889f7f',	'da5cb51b6eaa8b4118d90b4e2d7c536b9fc4d421',	'svg',	'patch-check-fill.svg',	'a71c1e368809848b8a3e9b44e7669033f99a412e',	1767102127,	1767097611,	608,	1,	2,	'image/svg+xml',	0,	0),
(38,	0,	1767102134,	1767102134,	'/at_medicare/person.svg',	'cccd3c6c8fa95d06432ad2f110e550ff41df4c6b',	'da5cb51b6eaa8b4118d90b4e2d7c536b9fc4d421',	'svg',	'person.svg',	'f241363943cae3a8eb122c8c5eccf45ecf514388',	1767102127,	1767097787,	375,	1,	2,	'image/svg+xml',	0,	0),
(39,	0,	1767159680,	1767159680,	'/at_medicare/facebook.svg',	'4ad7c657b160e4908d4273d59b0a721b53ddc1dd',	'da5cb51b6eaa8b4118d90b4e2d7c536b9fc4d421',	'svg',	'facebook.svg',	'728ddf35b9f31d7b693b393b29d38b873d3b1e1f',	1767159670,	1767159606,	435,	1,	2,	'image/svg+xml',	0,	0),
(40,	0,	1767162459,	1767162459,	'/at_medicare/instagram.svg',	'7eb352120c2e839e77656d344777f19a31e57788',	'da5cb51b6eaa8b4118d90b4e2d7c536b9fc4d421',	'svg',	'instagram.svg',	'd8b4f2e7ef44b34e251a756b3b44e97ad8a1f2c0',	1767162459,	1767162459,	1637,	1,	2,	'image/svg+xml',	0,	0),
(41,	0,	1767162472,	1767162472,	'/at_medicare/twitter.svg',	'9bfdb6d011333828e1b04569062529c119f1cce3',	'da5cb51b6eaa8b4118d90b4e2d7c536b9fc4d421',	'svg',	'twitter.svg',	'35cdd9c8e0524a2982aa17e0223e48f4bbad7231',	1767162472,	1767162472,	627,	1,	2,	'image/svg+xml',	0,	0),
(42,	0,	1767159680,	1767159680,	'/at_medicare/youtube.svg',	'102e4971c779ea08287f3513940fa17cdb58e41b',	'da5cb51b6eaa8b4118d90b4e2d7c536b9fc4d421',	'svg',	'youtube.svg',	'69a7285cb145bacc9306eafad9f6ef9f350ea1c1',	1767159670,	1767159627,	893,	1,	2,	'image/svg+xml',	0,	0),
(43,	0,	1767595792,	1767595792,	'/typo3conf/ext/at_medicare/Resources/Public/Icons/BELayouts/default.gif',	'0a2332122f2bb34344a32999d2008fd075e120ff',	'15a64c955c950959c714286a9b5450de61cb5721',	'gif',	'default.gif',	'a0591e7f13f01f89a4b4c35de9e9e3914fcb451a',	1767005147,	1738764411,	1278,	0,	2,	'image/gif',	0,	0);

INSERT INTO `sys_file_metadata` (`uid`, `pid`, `tstamp`, `crdate`, `sys_language_uid`, `l10n_parent`, `l10n_state`, `l10n_diffsource`, `t3ver_oid`, `t3ver_wsid`, `t3ver_state`, `t3ver_stage`, `title`, `alternative`, `categories`, `file`, `description`, `width`, `height`) VALUES
(1,	0,	1689851649,	1689851649,	0,	0,	NULL,	'',	0,	0,	0,	0,	NULL,	NULL,	0,	1,	NULL,	1200,	800),
(2,	0,	1690002279,	1690002279,	0,	0,	NULL,	'',	0,	0,	0,	0,	NULL,	NULL,	0,	2,	NULL,	1920,	1282),
(3,	0,	1690002358,	1690002358,	0,	0,	NULL,	'',	0,	0,	0,	0,	NULL,	NULL,	0,	3,	NULL,	1920,	1282),
(4,	0,	1690002358,	1690002358,	0,	0,	NULL,	'',	0,	0,	0,	0,	NULL,	NULL,	0,	4,	NULL,	1920,	1280),
(5,	0,	1690007440,	1690007440,	0,	0,	NULL,	'',	0,	0,	0,	0,	NULL,	NULL,	0,	5,	NULL,	156,	156),
(6,	0,	1690007440,	1690007440,	0,	0,	NULL,	'',	0,	0,	0,	0,	NULL,	NULL,	0,	6,	NULL,	18,	18),
(7,	0,	1690007440,	1690007440,	0,	0,	NULL,	'',	0,	0,	0,	0,	NULL,	NULL,	0,	7,	NULL,	120,	42),
(8,	0,	1690007440,	1690007440,	0,	0,	NULL,	'',	0,	0,	0,	0,	NULL,	NULL,	0,	8,	NULL,	156,	156),
(9,	0,	1690178634,	1690178634,	0,	0,	NULL,	'',	0,	0,	0,	0,	NULL,	NULL,	0,	9,	NULL,	1920,	1280),
(10,	0,	1690179019,	1690179019,	0,	0,	NULL,	'',	0,	0,	0,	0,	NULL,	NULL,	0,	10,	NULL,	0,	0),
(11,	0,	1690179194,	1690179194,	0,	0,	NULL,	'',	0,	0,	0,	0,	NULL,	NULL,	0,	11,	NULL,	1920,	1282),
(12,	0,	1690190904,	1690190904,	0,	0,	NULL,	'',	0,	0,	0,	0,	NULL,	NULL,	0,	12,	NULL,	1920,	1282),
(13,	0,	1690198383,	1690198383,	0,	0,	NULL,	'',	0,	0,	0,	0,	NULL,	NULL,	0,	13,	NULL,	800,	720),
(14,	0,	1690284850,	1690284850,	0,	0,	NULL,	'',	0,	0,	0,	0,	NULL,	NULL,	0,	14,	NULL,	1500,	1000),
(15,	0,	1690284884,	1690284884,	0,	0,	NULL,	'',	0,	0,	0,	0,	NULL,	NULL,	0,	15,	NULL,	1500,	1000),
(16,	0,	1690524903,	1690524903,	0,	0,	NULL,	'',	0,	0,	0,	0,	NULL,	NULL,	0,	16,	NULL,	300,	300),
(17,	0,	1690529372,	1690529372,	0,	0,	NULL,	'',	0,	0,	0,	0,	NULL,	NULL,	0,	17,	NULL,	300,	300),
(18,	0,	1690529785,	1690529785,	0,	0,	NULL,	'',	0,	0,	0,	0,	NULL,	NULL,	0,	18,	NULL,	300,	300),
(19,	0,	1690529888,	1690529888,	0,	0,	NULL,	'',	0,	0,	0,	0,	NULL,	NULL,	0,	19,	NULL,	300,	300),
(21,	0,	1691220871,	1691038263,	0,	0,	NULL,	'',	0,	0,	0,	0,	NULL,	NULL,	0,	21,	NULL,	0,	0),
(22,	0,	1691221080,	1691219388,	0,	0,	NULL,	'',	0,	0,	0,	0,	NULL,	NULL,	0,	22,	NULL,	0,	0),
(23,	0,	1767012204,	1767012204,	0,	0,	NULL,	'',	0,	0,	0,	0,	NULL,	NULL,	0,	23,	NULL,	300,	300),
(24,	0,	1767012204,	1767012204,	0,	0,	NULL,	'',	0,	0,	0,	0,	NULL,	NULL,	0,	24,	NULL,	1920,	1280),
(25,	0,	1767012204,	1767012204,	0,	0,	NULL,	'',	0,	0,	0,	0,	NULL,	NULL,	0,	25,	NULL,	1500,	1000),
(26,	0,	1767012204,	1767012204,	0,	0,	NULL,	'',	0,	0,	0,	0,	NULL,	NULL,	0,	26,	NULL,	0,	0),
(27,	0,	1767012204,	1767012204,	0,	0,	NULL,	'',	0,	0,	0,	0,	NULL,	NULL,	0,	27,	NULL,	1500,	1000),
(28,	0,	1767012204,	1767012204,	0,	0,	NULL,	'',	0,	0,	0,	0,	NULL,	NULL,	0,	28,	NULL,	300,	300),
(29,	0,	1767012204,	1767012204,	0,	0,	NULL,	'',	0,	0,	0,	0,	NULL,	NULL,	0,	29,	NULL,	1920,	1282),
(30,	0,	1767012204,	1767012204,	0,	0,	NULL,	'',	0,	0,	0,	0,	NULL,	NULL,	0,	30,	NULL,	300,	300),
(31,	0,	1767012204,	1767012204,	0,	0,	NULL,	'',	0,	0,	0,	0,	NULL,	NULL,	0,	31,	NULL,	800,	720),
(32,	0,	1767012204,	1767012204,	0,	0,	NULL,	'',	0,	0,	0,	0,	NULL,	NULL,	0,	32,	NULL,	300,	300),
(33,	0,	1767012204,	1767012204,	0,	0,	NULL,	'',	0,	0,	0,	0,	NULL,	NULL,	0,	33,	NULL,	1920,	1282),
(34,	0,	1767102134,	1767102134,	0,	0,	NULL,	'',	0,	0,	0,	0,	NULL,	NULL,	0,	34,	NULL,	16,	16),
(35,	0,	1767102134,	1767102134,	0,	0,	NULL,	'',	0,	0,	0,	0,	NULL,	NULL,	0,	35,	NULL,	16,	16),
(36,	0,	1767102134,	1767102134,	0,	0,	NULL,	'',	0,	0,	0,	0,	NULL,	NULL,	0,	36,	NULL,	16,	16),
(37,	0,	1767102134,	1767102134,	0,	0,	NULL,	'',	0,	0,	0,	0,	NULL,	NULL,	0,	37,	NULL,	16,	16),
(38,	0,	1767102134,	1767102134,	0,	0,	NULL,	'',	0,	0,	0,	0,	NULL,	NULL,	0,	38,	NULL,	16,	16),
(39,	0,	1767159680,	1767159680,	0,	0,	NULL,	'',	0,	0,	0,	0,	NULL,	NULL,	0,	39,	NULL,	16,	16),
(40,	0,	1767159680,	1767159680,	0,	0,	NULL,	'',	0,	0,	0,	0,	NULL,	NULL,	0,	40,	NULL,	16,	16),
(41,	0,	1767159680,	1767159680,	0,	0,	NULL,	'',	0,	0,	0,	0,	NULL,	NULL,	0,	41,	NULL,	16,	16),
(42,	0,	1767159680,	1767159680,	0,	0,	NULL,	'',	0,	0,	0,	0,	NULL,	NULL,	0,	42,	NULL,	16,	16),
(43,	0,	1767595792,	1767595792,	0,	0,	NULL,	'',	0,	0,	0,	0,	NULL,	NULL,	0,	43,	NULL,	50,	75);

INSERT INTO `sys_file_reference` (`uid`, `pid`, `tstamp`, `crdate`, `deleted`, `hidden`, `sys_language_uid`, `l10n_parent`, `l10n_state`, `l10n_diffsource`, `t3ver_oid`, `t3ver_wsid`, `t3ver_state`, `t3ver_stage`, `uid_local`, `title`, `alternative`, `uid_foreign`, `tablenames`, `fieldname`, `sorting_foreign`, `link`, `description`, `crop`, `autoplay`) VALUES
(24,	1,	1767073648,	1690286872,	0,	0,	0,	0,	NULL,	'{\"hidden\":\"\"}',	0,	0,	0,	0,	15,	NULL,	NULL,	27,	'tt_content',	'tx_mask_image2',	1,	'',	NULL,	'{\"default\":{\"cropArea\":{\"x\":0,\"y\":0,\"width\":1,\"height\":1},\"selectedRatio\":\"NaN\",\"focusArea\":null}}',	0),
(32,	4,	1699350702,	1699350702,	0,	0,	0,	0,	NULL,	'{\"hidden\":\"\"}',	0,	0,	0,	0,	15,	NULL,	NULL,	54,	'tt_content',	'tx_mask_image2',	1,	'',	NULL,	'{\"default\":{\"cropArea\":{\"x\":0,\"y\":0,\"width\":1,\"height\":1},\"selectedRatio\":\"NaN\",\"focusArea\":null}}',	0),
(35,	6,	1699350749,	1699350749,	0,	0,	0,	0,	NULL,	'{\"hidden\":\"\"}',	0,	0,	0,	0,	18,	NULL,	NULL,	9,	'tx_mask_testimonial',	'tx_mask_image',	1,	'',	NULL,	'{\"default\":{\"cropArea\":{\"x\":0,\"y\":0,\"width\":1,\"height\":1},\"selectedRatio\":\"NaN\",\"focusArea\":null}}',	0),
(36,	6,	1699350749,	1699350749,	0,	0,	0,	0,	NULL,	'{\"hidden\":\"\"}',	0,	0,	0,	0,	19,	NULL,	NULL,	10,	'tx_mask_testimonial',	'tx_mask_image',	1,	'',	NULL,	'{\"default\":{\"cropArea\":{\"x\":0,\"y\":0,\"width\":1,\"height\":1},\"selectedRatio\":\"NaN\",\"focusArea\":null}}',	0),
(54,	1,	1767592722,	1767159705,	0,	0,	0,	0,	NULL,	'{\"hidden\":\"\"}',	0,	0,	0,	0,	39,	NULL,	NULL,	1,	'tx_mask_smrpt',	'tx_mask_footer3_icon',	1,	'https://www.facebook.com/',	NULL,	'{\"default\":{\"cropArea\":{\"x\":0,\"y\":0,\"width\":1,\"height\":1},\"selectedRatio\":\"NaN\",\"focusArea\":null}}',	0),
(57,	1,	1767592722,	1767159705,	0,	0,	0,	0,	NULL,	'{\"alternative\":\"\",\"crop\":\"\",\"description\":\"\",\"hidden\":\"\",\"link\":\"\",\"title\":\"\",\"uid_local\":\"\"}',	0,	0,	0,	0,	42,	NULL,	NULL,	4,	'tx_mask_smrpt',	'tx_mask_footer3_icon',	1,	'https://www.youtube.com/',	NULL,	'{\"default\":{\"cropArea\":{\"x\":0,\"y\":0,\"width\":1,\"height\":1},\"selectedRatio\":\"NaN\",\"focusArea\":null}}',	0),
(58,	1,	1767592722,	1767162491,	0,	0,	0,	0,	NULL,	'{\"alternative\":\"\",\"crop\":\"\",\"description\":\"\",\"hidden\":\"\",\"link\":\"\",\"title\":\"\",\"uid_local\":\"\"}',	0,	0,	0,	0,	40,	NULL,	NULL,	2,	'tx_mask_smrpt',	'tx_mask_footer3_icon',	1,	'https://www.instagram.com/',	NULL,	'{\"default\":{\"cropArea\":{\"x\":0,\"y\":0,\"width\":1,\"height\":1},\"selectedRatio\":\"NaN\",\"focusArea\":null}}',	0),
(59,	1,	1767592722,	1767162491,	0,	0,	0,	0,	NULL,	'{\"alternative\":\"\",\"crop\":\"\",\"description\":\"\",\"hidden\":\"\",\"link\":\"\",\"title\":\"\",\"uid_local\":\"\"}',	0,	0,	0,	0,	41,	NULL,	NULL,	3,	'tx_mask_smrpt',	'tx_mask_footer3_icon',	1,	'https://x.com/',	NULL,	'{\"default\":{\"cropArea\":{\"x\":0,\"y\":0,\"width\":1,\"height\":1},\"selectedRatio\":\"NaN\",\"focusArea\":null}}',	0),
(63,	4,	1767252236,	1767252236,	0,	0,	0,	0,	NULL,	'{\"hidden\":\"\"}',	0,	0,	0,	0,	27,	NULL,	NULL,	61,	'tt_content',	'image',	1,	'',	NULL,	'{\"default\":{\"cropArea\":{\"x\":0,\"y\":0,\"width\":1,\"height\":1},\"selectedRatio\":\"NaN\",\"focusArea\":null}}',	0),
(64,	4,	1767252236,	1767252236,	0,	0,	0,	0,	NULL,	'{\"hidden\":\"\"}',	0,	0,	0,	0,	25,	NULL,	NULL,	61,	'tt_content',	'image',	2,	'',	NULL,	'{\"default\":{\"cropArea\":{\"x\":0,\"y\":0,\"width\":1,\"height\":1},\"selectedRatio\":\"NaN\",\"focusArea\":null}}',	0),
(65,	5,	1767252255,	1767252255,	0,	0,	0,	0,	NULL,	'{\"hidden\":\"\"}',	0,	0,	0,	0,	37,	NULL,	NULL,	7,	'tx_mask_rptcontent',	'tx_mask_timeline_icon',	1,	'',	NULL,	'{\"default\":{\"cropArea\":{\"x\":0,\"y\":0,\"width\":1,\"height\":1},\"selectedRatio\":\"NaN\",\"focusArea\":null}}',	0),
(66,	5,	1767252255,	1767252255,	0,	0,	0,	0,	NULL,	'{\"alternative\":\"\",\"crop\":\"\",\"description\":\"\",\"hidden\":\"\",\"link\":\"\",\"title\":\"\",\"uid_local\":\"\"}',	0,	0,	0,	0,	34,	NULL,	NULL,	8,	'tx_mask_rptcontent',	'tx_mask_timeline_icon',	1,	'',	NULL,	'{\"default\":{\"cropArea\":{\"x\":0,\"y\":0,\"width\":1,\"height\":1},\"selectedRatio\":\"NaN\",\"focusArea\":null}}',	0),
(67,	5,	1767252255,	1767252255,	0,	0,	0,	0,	NULL,	'{\"alternative\":\"\",\"crop\":\"\",\"description\":\"\",\"hidden\":\"\",\"link\":\"\",\"title\":\"\",\"uid_local\":\"\"}',	0,	0,	0,	0,	35,	NULL,	NULL,	9,	'tx_mask_rptcontent',	'tx_mask_timeline_icon',	1,	'',	NULL,	'{\"default\":{\"cropArea\":{\"x\":0,\"y\":0,\"width\":1,\"height\":1},\"selectedRatio\":\"NaN\",\"focusArea\":null}}',	0),
(68,	5,	1767252255,	1767252255,	0,	0,	0,	0,	NULL,	'{\"alternative\":\"\",\"crop\":\"\",\"description\":\"\",\"hidden\":\"\",\"link\":\"\",\"title\":\"\",\"uid_local\":\"\"}',	0,	0,	0,	0,	36,	NULL,	NULL,	10,	'tx_mask_rptcontent',	'tx_mask_timeline_icon',	1,	'',	NULL,	'{\"default\":{\"cropArea\":{\"x\":0,\"y\":0,\"width\":1,\"height\":1},\"selectedRatio\":\"NaN\",\"focusArea\":null}}',	0),
(69,	5,	1767252255,	1767252255,	0,	0,	0,	0,	NULL,	'{\"alternative\":\"\",\"crop\":\"\",\"description\":\"\",\"hidden\":\"\",\"link\":\"\",\"title\":\"\",\"uid_local\":\"\"}',	0,	0,	0,	0,	38,	NULL,	NULL,	11,	'tx_mask_rptcontent',	'tx_mask_timeline_icon',	1,	'',	NULL,	'{\"default\":{\"cropArea\":{\"x\":0,\"y\":0,\"width\":1,\"height\":1},\"selectedRatio\":\"NaN\",\"focusArea\":null}}',	0),
(70,	6,	1767336586,	1767252283,	0,	0,	0,	0,	NULL,	'{\"alternative\":\"\",\"crop\":\"\",\"description\":\"\",\"hidden\":\"\",\"link\":\"\",\"title\":\"\",\"uid_local\":\"\"}',	0,	0,	0,	0,	23,	'Marie',	NULL,	5,	'tx_mask_testimonial',	'tx_mask_image',	1,	'',	'Patient',	'{\"default\":{\"cropArea\":{\"x\":0,\"y\":0,\"width\":1,\"height\":1},\"selectedRatio\":\"NaN\",\"focusArea\":null}}',	0),
(71,	6,	1767336586,	1767252283,	0,	0,	0,	0,	NULL,	'{\"hidden\":\"\"}',	0,	0,	0,	0,	30,	'Ben Walker',	NULL,	6,	'tx_mask_testimonial',	'tx_mask_image',	1,	'',	'Recovered',	'{\"default\":{\"cropArea\":{\"x\":0,\"y\":0,\"width\":1,\"height\":1},\"selectedRatio\":\"NaN\",\"focusArea\":null}}',	0),
(73,	6,	1767336586,	1767252283,	0,	0,	0,	0,	NULL,	'{\"alternative\":\"\",\"crop\":\"\",\"description\":\"\",\"hidden\":\"\",\"link\":\"\",\"title\":\"\",\"uid_local\":\"\"}',	0,	0,	0,	0,	32,	'Rosey',	NULL,	8,	'tx_mask_testimonial',	'tx_mask_image',	1,	'',	'Almost Recovered',	'{\"default\":{\"cropArea\":{\"x\":0,\"y\":0,\"width\":1,\"height\":1},\"selectedRatio\":\"NaN\",\"focusArea\":null}}',	0),
(88,	6,	1767336586,	1767336586,	0,	0,	0,	0,	NULL,	'',	0,	0,	0,	0,	28,	'Laura Zono',	NULL,	7,	'tx_mask_testimonial',	'tx_mask_image',	1,	'',	'New Patient',	'{\"default\":{\"cropArea\":{\"x\":0,\"y\":0,\"width\":1,\"height\":1},\"selectedRatio\":\"NaN\",\"focusArea\":null}}',	0),
(89,	2,	1767681090,	1767681090,	0,	0,	0,	0,	NULL,	'',	0,	0,	0,	0,	27,	NULL,	NULL,	76,	'tt_content',	'image',	1,	'',	NULL,	'{\"default\":{\"cropArea\":{\"x\":0,\"y\":0,\"width\":1,\"height\":1},\"selectedRatio\":\"NaN\",\"focusArea\":null}}',	0),
(90,	2,	1767681090,	1767681090,	0,	0,	0,	0,	NULL,	'',	0,	0,	0,	0,	24,	NULL,	NULL,	76,	'tt_content',	'image',	2,	'',	NULL,	'{\"default\":{\"cropArea\":{\"x\":0,\"y\":0,\"width\":1,\"height\":1},\"selectedRatio\":\"NaN\",\"focusArea\":null}}',	0),
(91,	2,	1767681090,	1767681090,	0,	0,	0,	0,	NULL,	'',	0,	0,	0,	0,	25,	NULL,	NULL,	76,	'tt_content',	'image',	3,	'',	NULL,	'{\"default\":{\"cropArea\":{\"x\":0,\"y\":0,\"width\":1,\"height\":1},\"selectedRatio\":\"NaN\",\"focusArea\":null}}',	0);

INSERT INTO `sys_file_storage` (`uid`, `pid`, `tstamp`, `crdate`, `deleted`, `description`, `is_public`, `processingfolder`, `name`, `is_browsable`, `is_default`, `is_writable`, `is_online`, `auto_extract_metadata`, `driver`, `configuration`) VALUES
(1,	0,	1689851507,	1689851507,	0,	'This is the local fileadmin/ directory. This storage mount has been created automatically by TYPO3.',	1,	NULL,	'fileadmin',	1,	1,	1,	1,	1,	'Local',	'<?xml version=\"1.0\" encoding=\"utf-8\" standalone=\"yes\" ?>\n<T3FlexForms>\n    <data>\n        <sheet index=\"sDEF\">\n            <language index=\"lDEF\">\n                <field index=\"basePath\">\n                    <value index=\"vDEF\">fileadmin/</value>\n                </field>\n                <field index=\"pathType\">\n                    <value index=\"vDEF\">relative</value>\n                </field>\n                <field index=\"caseSensitive\">\n                    <value index=\"vDEF\">1</value>\n                </field>\n            </language>\n        </sheet>\n    </data>\n</T3FlexForms>');

INSERT INTO `sys_template` (`uid`, `pid`, `tstamp`, `crdate`, `deleted`, `hidden`, `starttime`, `endtime`, `sorting`, `description`, `tx_impexp_origuid`, `title`, `root`, `clear`, `constants`, `include_static_file`, `basedOn`, `includeStaticAfterBasedOn`, `config`, `static_file_mode`) VALUES
(1,	1,	1767681430,	1689851536,	0,	0,	0,	0,	256,	NULL,	0,	'Medic Care',	1,	3,	'at_medicare.website.settings.main_menu = 1\r\nat_medicare.website.settings.logo_title = Medic Care\r\nat_medicare.website.settings.Subheader = Health Specialist\r\nat_medicare.website.settings.favicon = EXT:at_medicare/Resources/Public/Icons/favicon.png\r\nat_medicare.website.settings.compress_cssjs = 1',	'EXT:fluid_styled_content/Configuration/TypoScript/,EXT:fluid_styled_content/Configuration/TypoScript/Styling/,EXT:form/Configuration/TypoScript/,EXT:mask/Configuration/TypoScript,EXT:seo/Configuration/TypoScript/XmlSitemap,EXT:at_medicare/Configuration/TypoScript',	'',	0,	'config.no_cache=1\r\nconfig.contentObjectExceptionHandler = 0\r\nplugin.tx_form {\r\n    settings {\r\n        yamlConfigurations {\r\n           \r\n            1000 = EXT:at_medicare/Configuration/Form/Setup.yaml\r\n        }\r\n    }\r\n}',	0);

INSERT INTO `tt_content` (`uid`, `pid`, `tstamp`, `crdate`, `deleted`, `hidden`, `starttime`, `endtime`, `fe_group`, `sorting`, `rowDescription`, `editlock`, `sys_language_uid`, `l18n_parent`, `l10n_source`, `l10n_state`, `l18n_diffsource`, `t3ver_oid`, `t3ver_wsid`, `t3ver_state`, `t3ver_stage`, `frame_class`, `colPos`, `table_caption`, `tx_impexp_origuid`, `CType`, `categories`, `layout`, `space_before_class`, `space_after_class`, `date`, `header`, `header_layout`, `header_position`, `header_link`, `subheader`, `bodytext`, `image`, `assets`, `imagewidth`, `imageheight`, `imageorient`, `imageborder`, `image_zoom`, `imagecols`, `pages`, `recursive`, `list_type`, `media`, `records`, `sectionIndex`, `linkToTop`, `pi_flexform`, `selected_categories`, `category_field`, `bullets_type`, `cols`, `table_class`, `table_delimiter`, `table_enclosure`, `table_header_position`, `table_tfoot`, `file_collections`, `filelink_size`, `filelink_sorting`, `filelink_sorting_direction`, `target`, `uploads_description`, `uploads_type`, `tx_mask_content`, `tx_mask_content_parent_uid`, `tx_mask_content_role`, `tx_mask_content_tablenames`, `tx_mask_desc`, `tx_mask_head1`, `tx_mask_head2`, `tx_mask_head3`, `tx_mask_repeat`, `tx_mask_rptcontent`, `tx_mask_smrpt`, `tx_mask_testimonial`, `tx_mask_title`, `tx_mask_textanimation`, `tx_mask_linklabel`, `tx_mask_url`, `tx_mask_phno`, `tx_mask_info_desc`, `tx_mask_info_time_period`, `tx_mask_footer2_element`, `tx_mask_footer4_copyright`, `tx_mask_hero_text`) VALUES
(45,	1,	1767277220,	1690958741,	0,	0,	0,	0,	'',	64,	'',	0,	0,	0,	0,	NULL,	'{\"hidden\":\"\"}',	0,	0,	0,	0,	'default',	1,	NULL,	0,	'mask_footer_element1',	0,	0,	'',	'',	0,	'',	0,	'',	'',	'',	NULL,	0,	0,	0,	0,	0,	0,	0,	2,	NULL,	0,	'',	0,	NULL,	1,	0,	NULL,	NULL,	'',	0,	0,	'',	124,	0,	0,	0,	NULL,	0,	'',	'',	'',	0,	0,	0,	0,	'',	'',	NULL,	NULL,	NULL,	NULL,	3,	0,	0,	0,	'Opening Hours',	0,	'',	'',	'',	NULL,	NULL,	NULL,	NULL,	''),
(48,	1,	1767350882,	1690975342,	0,	0,	0,	0,	'',	32,	'',	0,	0,	0,	0,	NULL,	'{\"CType\":\"\",\"categories\":\"\",\"colPos\":\"\",\"editlock\":\"\",\"endtime\":\"\",\"fe_group\":\"\",\"frame_class\":\"\",\"hidden\":\"\",\"layout\":\"\",\"linkToTop\":\"\",\"rowDescription\":\"\",\"sectionIndex\":\"\",\"space_after_class\":\"\",\"space_before_class\":\"\",\"starttime\":\"\",\"tx_mask_footer2_element\":\"\"}',	0,	0,	0,	0,	'default',	2,	NULL,	0,	'mask_footer_element2',	0,	0,	'',	'',	0,	'',	0,	'',	'',	'',	NULL,	0,	0,	0,	0,	0,	0,	0,	2,	NULL,	0,	'',	0,	NULL,	1,	0,	NULL,	NULL,	'',	0,	0,	'',	124,	0,	0,	0,	NULL,	0,	'',	'',	'',	0,	0,	0,	0,	'',	'',	NULL,	NULL,	NULL,	NULL,	0,	0,	0,	0,	'',	0,	'',	'',	'',	NULL,	NULL,	'<h5 class=\"mb-lg-4 mb-3\">Our Clinic</h5>\r\n<p><a href=\"https://medic.ddev.site/\">hello@company.co</a></p>\r\n<p>123 Digital Art Street, San Diego, CA 92123</p>',	NULL,	''),
(49,	1,	1767592722,	1690977141,	0,	0,	0,	0,	'',	16,	'',	0,	0,	0,	0,	NULL,	'{\"CType\":\"\",\"categories\":\"\",\"colPos\":\"\",\"editlock\":\"\",\"endtime\":\"\",\"fe_group\":\"\",\"frame_class\":\"\",\"header\":\"\",\"hidden\":\"\",\"layout\":\"\",\"linkToTop\":\"\",\"rowDescription\":\"\",\"sectionIndex\":\"\",\"space_after_class\":\"\",\"space_before_class\":\"\",\"starttime\":\"\",\"tx_mask_smrpt\":\"\"}',	0,	0,	0,	0,	'default',	3,	NULL,	0,	'mask_footer_element3',	0,	0,	'',	'',	0,	'Socials',	0,	'',	'',	'',	NULL,	0,	0,	0,	0,	0,	0,	0,	2,	NULL,	0,	'',	0,	NULL,	1,	0,	NULL,	NULL,	'',	0,	0,	'',	124,	0,	0,	0,	NULL,	0,	'',	'',	'',	0,	0,	0,	0,	'',	'',	NULL,	NULL,	NULL,	NULL,	0,	0,	4,	0,	'',	0,	'',	'',	'',	NULL,	NULL,	NULL,	NULL,	''),
(50,	1,	1767595416,	1690978166,	0,	0,	0,	0,	'',	24,	'',	0,	0,	0,	0,	NULL,	'{\"colPos\":\"\"}',	0,	0,	0,	0,	'default',	3,	NULL,	0,	'mask_footer_element4',	0,	0,	'',	'',	0,	'',	0,	'',	'',	'',	NULL,	0,	0,	0,	0,	0,	0,	0,	2,	NULL,	0,	'',	0,	NULL,	1,	0,	NULL,	NULL,	'',	0,	0,	'',	124,	0,	0,	0,	NULL,	0,	'',	'',	'',	0,	0,	0,	0,	'',	'',	NULL,	NULL,	NULL,	NULL,	0,	0,	0,	0,	'',	0,	'',	'',	'',	NULL,	NULL,	NULL,	'<p class=\"copyright-text\">Copyright Â© Aashro Tech 2026</p>',	''),
(57,	7,	1767680421,	1699350774,	0,	0,	0,	0,	'',	256,	'',	0,	0,	0,	0,	NULL,	'{\"CType\":\"\",\"categories\":\"\",\"colPos\":\"\",\"date\":\"\",\"editlock\":\"\",\"endtime\":\"\",\"fe_group\":\"\",\"frame_class\":\"\",\"header\":\"\",\"header_layout\":\"\",\"header_link\":\"\",\"header_position\":\"\",\"hidden\":\"\",\"layout\":\"\",\"linkToTop\":\"\",\"pi_flexform\":\"\",\"rowDescription\":\"\",\"sectionIndex\":\"\",\"space_after_class\":\"\",\"space_before_class\":\"\",\"starttime\":\"\",\"subheader\":\"\"}',	0,	0,	0,	0,	'default',	0,	NULL,	0,	'form_formframework',	0,	0,	'',	'',	0,	'',	0,	'',	'',	'',	NULL,	0,	0,	0,	0,	0,	0,	0,	2,	'',	0,	'',	0,	'',	1,	0,	'<?xml version=\"1.0\" encoding=\"utf-8\" standalone=\"yes\" ?>\n<T3FlexForms>\n    <data>\n        <sheet index=\"sDEF\">\n            <language index=\"lDEF\">\n                <field index=\"settings.persistenceIdentifier\">\n                    <value index=\"vDEF\">EXT:at_medicare/Resources/Private/Forms/appointment.form.yaml</value>\n                </field>\n                <field index=\"settings.overrideFinishers\">\n                    <value index=\"vDEF\">1</value>\n                </field>\n            </language>\n        </sheet>\n        <sheet index=\"aa1d83adf075cf102b2e7c27e05e7413\">\n            <language index=\"lDEF\">\n                <field index=\"settings.finishers.EmailToSender.subject\">\n                    <value index=\"vDEF\">Example</value>\n                </field>\n                <field index=\"settings.finishers.EmailToSender.senderAddress\">\n                    <value index=\"vDEF\">hdudhela05@gmail.com</value>\n                </field>\n                <field index=\"settings.finishers.EmailToSender.senderName\">\n                    <value index=\"vDEF\">Hetvi</value>\n                </field>\n                <field index=\"settings.finishers.EmailToSender.addHtmlPart\">\n                    <value index=\"vDEF\">1</value>\n                </field>\n                <field index=\"settings.finishers.EmailToSender.translation.language\">\n                    <value index=\"vDEF\">Default</value>\n                </field>\n                <field index=\"settings.finishers.EmailToSender.title\">\n                    <value index=\"vDEF\"></value>\n                </field>\n            </language>\n        </sheet>\n        <sheet index=\"b79aed499954be41bc1e86bcab39bb4c\">\n            <language index=\"lDEF\">\n                <field index=\"settings.finishers.Confirmation.contentElementUid\">\n                    <value index=\"vDEF\"></value>\n                </field>\n                <field index=\"settings.finishers.Confirmation.message\">\n                    <value index=\"vDEF\">Your appointment  has been fixed......</value>\n                </field>\n            </language>\n        </sheet>\n        <sheet index=\"989fcf92c811d860d44f1c803f6f28a4\">\n            <language index=\"lDEF\">\n                <field index=\"settings.finishers.EmailToReceiver.subject\">\n                    <value index=\"vDEF\">Example</value>\n                </field>\n                <field index=\"settings.finishers.EmailToReceiver.senderAddress\">\n                    <value index=\"vDEF\">manasvisoni2711@gmail.com</value>\n                </field>\n                <field index=\"settings.finishers.EmailToReceiver.senderName\">\n                    <value index=\"vDEF\">Manasvi</value>\n                </field>\n                <field index=\"settings.finishers.EmailToReceiver.addHtmlPart\">\n                    <value index=\"vDEF\">1</value>\n                </field>\n                <field index=\"settings.finishers.EmailToReceiver.translation.language\">\n                    <value index=\"vDEF\">Default</value>\n                </field>\n                <field index=\"settings.finishers.EmailToReceiver.title\">\n                    <value index=\"vDEF\">Typo3</value>\n                </field>\n            </language>\n        </sheet>\n    </data>\n</T3FlexForms>',	'0',	'',	0,	0,	'',	124,	0,	0,	0,	'',	0,	'',	'',	'',	0,	0,	0,	0,	'',	'',	NULL,	NULL,	NULL,	NULL,	0,	0,	0,	0,	'',	0,	'',	'',	'',	NULL,	NULL,	NULL,	NULL,	''),
(61,	4,	1767252264,	1767252236,	0,	0,	0,	0,	'',	64,	'',	0,	0,	0,	0,	NULL,	'{\"hidden\":\"\"}',	0,	0,	0,	0,	'default',	0,	NULL,	0,	'mask_information',	0,	0,	'',	'',	0,	'',	0,	'',	'',	'',	'Meet Dr. Carson',	2,	0,	0,	0,	0,	0,	0,	2,	'',	0,	'',	0,	'',	1,	0,	NULL,	'0',	'',	0,	0,	'',	124,	0,	0,	0,	'',	0,	'',	'',	'',	0,	0,	0,	0,	'',	'',	NULL,	NULL,	NULL,	NULL,	0,	0,	0,	0,	'',	0,	'',	'',	'',	'<h2 class=\"mb-lg-3 mb-3\">Meet Dr. Carson</h2>\r\n<p>Protect yourself and others by wearing masks and washing hands frequently. Outdoor is safer than indoor for gatherings or holding events. People who get sick with Coronavirus disease (COVID-19) will experience mild to moderate symptoms and recover without special treatments.</p>\r\n<p>You can feel free to use this CSS template for your medical profession or health care related websites. You can <a href=\"http://paypal.me/templatemo\" target=\"_blank\" rel=\"nofollow\">support us a little</a> via PayPal if this template is good and useful for your work.</p>',	'<p class=\"featured-text\"><strong class=\"featured-number\">12</strong><strong> </strong>Years<br />of Experiences</p>',	NULL,	NULL,	''),
(62,	5,	1767252259,	1767252255,	0,	0,	0,	0,	'',	128,	'',	0,	0,	0,	0,	NULL,	'{\"hidden\":\"\"}',	0,	0,	0,	0,	'default',	0,	NULL,	0,	'mask_timeline',	0,	0,	'',	'',	0,	'Our Timeline',	0,	'',	'',	'',	NULL,	0,	0,	0,	0,	0,	0,	0,	2,	'',	0,	'',	0,	'',	1,	0,	NULL,	'0',	'',	0,	0,	'',	124,	0,	0,	0,	'',	0,	'',	'',	'',	0,	0,	0,	0,	'',	'',	NULL,	NULL,	NULL,	NULL,	0,	5,	0,	0,	'',	0,	'',	'',	'',	NULL,	NULL,	NULL,	NULL,	''),
(63,	6,	1767336586,	1767252283,	0,	0,	0,	0,	'',	128,	'',	0,	0,	0,	0,	NULL,	'{\"CType\":\"\",\"categories\":\"\",\"colPos\":\"\",\"editlock\":\"\",\"endtime\":\"\",\"fe_group\":\"\",\"frame_class\":\"\",\"header\":\"\",\"hidden\":\"\",\"layout\":\"\",\"linkToTop\":\"\",\"rowDescription\":\"\",\"sectionIndex\":\"\",\"space_after_class\":\"\",\"space_before_class\":\"\",\"starttime\":\"\",\"tx_mask_testimonial\":\"\"}',	0,	0,	0,	0,	'default',	0,	NULL,	0,	'mask_testimonials_section',	0,	0,	'',	'',	0,	'Our Patients',	0,	'',	'',	'',	'Our Patients',	0,	0,	0,	0,	0,	0,	0,	2,	'',	0,	'',	0,	'',	1,	0,	NULL,	'0',	'',	0,	0,	'',	124,	0,	0,	0,	'',	0,	'',	'',	'',	0,	0,	0,	0,	'',	'',	NULL,	NULL,	NULL,	NULL,	0,	0,	0,	4,	'',	0,	'',	'',	'',	NULL,	NULL,	NULL,	NULL,	''),
(76,	2,	1767681090,	1767681090,	0,	0,	0,	0,	'',	64,	'',	0,	0,	0,	0,	NULL,	'',	0,	0,	0,	0,	'default',	0,	NULL,	0,	'mask_image_slider',	0,	0,	'',	'',	0,	'',	0,	'',	'',	'',	NULL,	3,	0,	0,	0,	0,	0,	0,	2,	NULL,	0,	'',	0,	NULL,	1,	0,	NULL,	NULL,	'',	0,	0,	'',	124,	0,	0,	0,	NULL,	0,	'',	'',	'',	0,	0,	0,	0,	'',	'',	'<p>Medic Care is a Bootstrap 5 Template provided by TemplateMo website. Credits go to FreePik and RawPixel for images used in this template.</p>',	NULL,	NULL,	NULL,	0,	0,	0,	0,	'',	3,	'LEARN MORE',	't3://page?uid=4',	' 010-020-0340',	NULL,	NULL,	NULL,	NULL,	'Better');

INSERT INTO `tx_mask_repeat` (`uid`, `pid`, `tstamp`, `crdate`, `deleted`, `hidden`, `starttime`, `endtime`, `fe_group`, `sorting`, `editlock`, `sys_language_uid`, `l10n_parent`, `l10n_source`, `l10n_state`, `t3_origuid`, `l10n_diffsource`, `t3ver_oid`, `t3ver_wsid`, `t3ver_state`, `t3ver_stage`, `parentid`, `parenttable`, `tx_mask_footer_days`, `tx_mask_footer_time`) VALUES
(1,	1,	1767251868,	1767012830,	0,	0,	0,	0,	'',	1,	0,	0,	0,	0,	NULL,	0,	'{\"editlock\":\"\",\"endtime\":\"\",\"fe_group\":\"\",\"hidden\":\"\",\"starttime\":\"\",\"tx_mask_footer_days\":\"\",\"tx_mask_footer_time\":\"\"}',	0,	0,	0,	0,	45,	'tt_content',	'Sunday',	'Closed'),
(2,	1,	1767251868,	1767012830,	0,	0,	0,	0,	'',	2,	0,	0,	0,	0,	NULL,	0,	'{\"editlock\":\"\",\"endtime\":\"\",\"fe_group\":\"\",\"hidden\":\"\",\"starttime\":\"\",\"tx_mask_footer_days\":\"\",\"tx_mask_footer_time\":\"\"}',	0,	0,	0,	0,	45,	'tt_content',	'Monday-Friday',	'8:00 AM - 3:30 PM'),
(3,	1,	1767251868,	1767012830,	0,	0,	0,	0,	'',	3,	0,	0,	0,	0,	NULL,	0,	'{\"editlock\":\"\",\"endtime\":\"\",\"fe_group\":\"\",\"hidden\":\"\",\"starttime\":\"\",\"tx_mask_footer_days\":\"\",\"tx_mask_footer_time\":\"\"}',	0,	0,	0,	0,	45,	'tt_content',	'Saturday',	'10:30 AM - 5:30 PM');

INSERT INTO `tx_mask_rptcontent` (`uid`, `pid`, `tstamp`, `crdate`, `deleted`, `hidden`, `starttime`, `endtime`, `fe_group`, `sorting`, `editlock`, `sys_language_uid`, `l10n_parent`, `l10n_source`, `l10n_state`, `t3_origuid`, `l10n_diffsource`, `t3ver_oid`, `t3ver_wsid`, `t3ver_state`, `t3ver_stage`, `parentid`, `parenttable`, `tx_mask_timeline_details`, `tx_mask_timeline_icon`, `tx_mask_timeline_date`) VALUES
(7,	5,	1767252255,	1767252255,	0,	0,	0,	0,	'',	1,	0,	0,	0,	0,	NULL,	1,	'{\"editlock\":\"\",\"endtime\":\"\",\"fe_group\":\"\",\"hidden\":\"\",\"starttime\":\"\",\"tx_mask_timeline_date\":\"\",\"tx_mask_timeline_details\":\"\",\"tx_mask_timeline_icon\":\"\"}',	0,	0,	0,	0,	62,	'tt_content',	'<h3 class=\"text-light\">Get the vaccine</h3>\r\n<p>Donec facilisis urna dui, a dignissim mauris pretium a. Quisque quis libero fermentum, tempus felis eu, consequat nibh.</p>',	1,	'2021-07-31'),
(8,	5,	1767252255,	1767252255,	0,	0,	0,	0,	'',	2,	0,	0,	0,	0,	NULL,	2,	'{\"editlock\":\"\",\"endtime\":\"\",\"fe_group\":\"\",\"hidden\":\"\",\"starttime\":\"\",\"tx_mask_timeline_date\":\"\",\"tx_mask_timeline_details\":\"\",\"tx_mask_timeline_icon\":\"\"}',	0,	0,	0,	0,	62,	'tt_content',	'<h3 class=\"text-light\">Consulting your health</h3>\r\n<p>You are fully permitted to use this template for your commercial or personal website. You are not permitted to redistribute the template ZIP file for a download purpose on any other <a href=\"https://www.google.com/search?q=free+css\" target=\"_blank\">Free CSS collection</a> website.</p>',	1,	'2021-07-15'),
(9,	5,	1767252255,	1767252255,	0,	0,	0,	0,	'',	3,	0,	0,	0,	0,	NULL,	3,	'{\"editlock\":\"\",\"endtime\":\"\",\"fe_group\":\"\",\"hidden\":\"\",\"starttime\":\"\",\"tx_mask_timeline_date\":\"\",\"tx_mask_timeline_details\":\"\",\"tx_mask_timeline_icon\":\"\"}',	0,	0,	0,	0,	62,	'tt_content',	'<h3 class=\"text-light\">Certified Nurses</h3>\r\n<p>Phasellus eleifend, urna interdum congue viverra, arcu neque ultrices ligula, id pulvinar nisi nibh et lacus. Vivamus gravida, ipsum non euismod tincidunt, sapien elit fermentum mi, quis iaculis enim ligula at arcu.</p>',	1,	'2021-06-28'),
(10,	5,	1767252255,	1767252255,	0,	0,	0,	0,	'',	4,	0,	0,	0,	0,	NULL,	4,	'{\"editlock\":\"\",\"endtime\":\"\",\"fe_group\":\"\",\"hidden\":\"\",\"starttime\":\"\",\"tx_mask_timeline_date\":\"\",\"tx_mask_timeline_details\":\"\",\"tx_mask_timeline_icon\":\"\"}',	0,	0,	0,	0,	62,	'tt_content',	'<h3 class=\"text-light\">Covid-19 Hospitals</h3>\r\n<p>Fusce vestibulum euismod nulla sed ultrices. Praesent rutrum nulla vel sapien euismod, quis tempus dui placerat.<br />Integer posuere erat a ante venenatis dapibus posuere velit aliquet. Maecenas faucibus mollis interdum. Donec ullamcorper nulla non metus auctor fringilla</p>',	1,	'2021-05-30'),
(11,	5,	1767252255,	1767252255,	0,	0,	0,	0,	'',	5,	0,	0,	0,	0,	NULL,	5,	'{\"editlock\":\"\",\"endtime\":\"\",\"fe_group\":\"\",\"hidden\":\"\",\"starttime\":\"\",\"tx_mask_timeline_date\":\"\",\"tx_mask_timeline_details\":\"\",\"tx_mask_timeline_icon\":\"\"}',	0,	0,	0,	0,	62,	'tt_content',	'<h3 class=\"text-light\">Freelance Nursing</h3>\r\n<p>If you need a working contact form that submits email to your inbox, please <a href=\"https://templatemo.com/contact\" target=\"_parent\" rel=\"nofollow\">visit our contact page</a> for more information.</p>',	1,	'2021-05-18');

INSERT INTO `tx_mask_smrpt` (`uid`, `pid`, `tstamp`, `crdate`, `deleted`, `hidden`, `starttime`, `endtime`, `fe_group`, `sorting`, `editlock`, `sys_language_uid`, `l10n_parent`, `l10n_source`, `l10n_state`, `t3_origuid`, `l10n_diffsource`, `t3ver_oid`, `t3ver_wsid`, `t3ver_state`, `t3ver_stage`, `parentid`, `parenttable`, `tx_mask_footer3_icon`) VALUES
(1,	1,	1767592722,	1767012900,	0,	0,	0,	0,	'',	1,	0,	0,	0,	0,	NULL,	0,	'{\"editlock\":\"\",\"endtime\":\"\",\"fe_group\":\"\",\"hidden\":\"\",\"starttime\":\"\",\"tx_mask_footer3_icon\":\"\"}',	0,	0,	0,	0,	49,	'tt_content',	1),
(2,	1,	1767592722,	1767012900,	0,	0,	0,	0,	'',	3,	0,	0,	0,	0,	NULL,	0,	'{\"editlock\":\"\",\"endtime\":\"\",\"fe_group\":\"\",\"hidden\":\"\",\"starttime\":\"\",\"tx_mask_footer3_icon\":\"\"}',	0,	0,	0,	0,	49,	'tt_content',	1),
(3,	1,	1767592722,	1767012900,	0,	0,	0,	0,	'',	2,	0,	0,	0,	0,	NULL,	0,	'{\"editlock\":\"\",\"endtime\":\"\",\"fe_group\":\"\",\"hidden\":\"\",\"starttime\":\"\",\"tx_mask_footer3_icon\":\"\"}',	0,	0,	0,	0,	49,	'tt_content',	1),
(4,	1,	1767592722,	1767012900,	0,	0,	0,	0,	'',	4,	0,	0,	0,	0,	NULL,	0,	'{\"editlock\":\"\",\"endtime\":\"\",\"fe_group\":\"\",\"hidden\":\"\",\"starttime\":\"\",\"tx_mask_footer3_icon\":\"\"}',	0,	0,	0,	0,	49,	'tt_content',	1);

INSERT INTO `tx_mask_testimonial` (`uid`, `pid`, `tstamp`, `crdate`, `deleted`, `hidden`, `starttime`, `endtime`, `fe_group`, `sorting`, `editlock`, `sys_language_uid`, `l10n_parent`, `l10n_source`, `l10n_state`, `t3_origuid`, `l10n_diffsource`, `t3ver_oid`, `t3ver_wsid`, `t3ver_state`, `t3ver_stage`, `tx_mask_image`, `tx_mask_stars`, `parentid`, `parenttable`, `tx_mask_review`) VALUES
(5,	6,	1767336586,	1767252283,	0,	0,	0,	0,	'',	1,	0,	0,	0,	0,	NULL,	1,	'{\"editlock\":\"\",\"endtime\":\"\",\"fe_group\":\"\",\"hidden\":\"\",\"starttime\":\"\",\"tx_mask_image\":\"\",\"tx_mask_review\":\"\",\"tx_mask_stars\":\"\"}',	0,	0,	0,	0,	1,	'4',	63,	'tt_content',	'<p class=\"text-primary d-block mt-2 mb-0 w-100\"><strong>Best Health Care</strong></p>\r\n<p class=\"reviews-text w-100\">Phasellus ligula ante, tempus ac imperdiet ut, mattis ac nibh. Orci varius natoque penatibus et magnis dis parturient montes, nascetur ridiculus mus.</p>'),
(6,	6,	1767336586,	1767252283,	0,	0,	0,	0,	'',	2,	0,	0,	0,	0,	NULL,	2,	'{\"editlock\":\"\",\"endtime\":\"\",\"fe_group\":\"\",\"hidden\":\"\",\"starttime\":\"\",\"tx_mask_image\":\"\",\"tx_mask_review\":\"\",\"tx_mask_stars\":\"\"}',	0,	0,	0,	0,	1,	'4',	63,	'tt_content',	'<p class=\"text-primary d-block mt-2 mb-0 w-100\"><strong>Doctor cares everyone!</strong></p>\r\n<p class=\"reviews-text w-100\">Donec in elementum orci, nec posuere ligula. Quisque vulputate diam et ullamcorper ullamcorper. Pellentesque vestibulum neque at leo fermentum mattis.</p>'),
(7,	6,	1767336586,	1767252283,	0,	0,	0,	0,	'',	3,	0,	0,	0,	0,	NULL,	3,	'{\"editlock\":\"\",\"endtime\":\"\",\"fe_group\":\"\",\"hidden\":\"\",\"starttime\":\"\",\"tx_mask_image\":\"\",\"tx_mask_review\":\"\",\"tx_mask_stars\":\"\"}',	0,	0,	0,	0,	1,	'5',	63,	'tt_content',	'<p class=\"text-primary d-block mt-2 mb-0 w-100\"><strong>Great services!</strong></p>\r\n<p class=\"reviews-text w-100\">Vestibulum ante ipsum primis in faucibus orci luctus et ultrices posuere cubilia curae; Donec sit amet velit vitae purus aliquam efficitur.</p>'),
(8,	6,	1767336586,	1767252283,	0,	0,	0,	0,	'',	4,	0,	0,	0,	0,	NULL,	4,	'{\"editlock\":\"\",\"endtime\":\"\",\"fe_group\":\"\",\"hidden\":\"\",\"starttime\":\"\",\"tx_mask_image\":\"\",\"tx_mask_review\":\"\",\"tx_mask_stars\":\"\"}',	0,	0,	0,	0,	1,	'3',	63,	'tt_content',	'<p class=\"text-primary d-block mt-2 mb-0 w-100\"><strong>Best Advices</strong></p>\r\n<p class=\"reviews-text w-100\">Integer posuere erat a ante venenatis dapibus posuere velit aliquet. Maecenas faucibus mollis interdum. Donec ullamcorper nulla non metus auctor fringilla.</p>');

INSERT INTO `tx_mask_textanimation` (`uid`, `pid`, `tstamp`, `crdate`, `deleted`, `hidden`, `starttime`, `endtime`, `fe_group`, `sorting`, `editlock`, `sys_language_uid`, `l10n_parent`, `l10n_source`, `l10n_state`, `t3_origuid`, `l10n_diffsource`, `t3ver_oid`, `t3ver_wsid`, `t3ver_state`, `t3ver_stage`, `tx_mask_animatedtext`, `parentid`, `parenttable`) VALUES
(4,	2,	1767595871,	1767252198,	0,	0,	0,	0,	'',	1,	0,	0,	0,	0,	NULL,	1,	'{\"hidden\":\"\"}',	0,	0,	0,	0,	'lives',	60,	'tt_content'),
(5,	2,	1767595871,	1767252198,	0,	0,	0,	0,	'',	2,	0,	0,	0,	0,	NULL,	2,	'{\"hidden\":\"\"}',	0,	0,	0,	0,	'health',	60,	'tt_content'),
(6,	2,	1767595871,	1767252198,	0,	0,	0,	0,	'',	3,	0,	0,	0,	0,	NULL,	3,	'{\"hidden\":\"\"}',	0,	0,	0,	0,	'days',	60,	'tt_content');
